text	provenance	civic	domestic	green	industrial	inspired	market	project	renown
"B"" active learning is a machine-learning paradigm for optimally choosing unlabeled observations in a training data set to query for their true labels."	github_ai	0	0	0	1	0	0	0	0
Through onyx you can get the characteristics of an image and then determine if you want to block it or allow it.	github_ai	0	1	0	0	0	0	0	0
We will make it available soon._ synthetic is a machine learning tool that can be used to discover plausible generators for complex networks.	github_ai	0	0	0	1	0	0	0	0
What do the results mean me if i give it `null` data? guess user drawings in real-time.	github_ai	0	0	0	1	0	0	0	0
It is often able to determine a good approximation of the true pareto front in signficantly less iterations than genetic algorithms.	github_ai	0	0	0	1	0	0	0	0
Tactics: what's the difference and why does it matter? the case for genetically engineering a smarter human-cyborg population to avoid the threat of existential catastrophe.	github_ai	0	0	0	0	0	0	0	0
Machine learning can also take place without user involvement in the background using a labelled data set created during usage of the app.	github_ai	0	1	0	0	0	0	0	0
Use different approaches to establish relation between the text and the category spam or ham like, based on size of message, word count, special keywords.	github_ai	0	0	0	1	0	0	0	0
It's recommended to have a look into the pix2pix tutorial from machine learning for artists if you haven't tried pix2pix or any similar gan model.	github_ai	0	1	0	0	0	0	1	0
The points in any cluster are similar to the centroid of that cluster, hence why they are members of that cluster.	github_ai	0	0	0	0	0	0	0	0
